Author_name,Author_title,Source_name,TimeStamp,Content
Ulrich Rozier,"M6 Turbo… stop aux fake news, place aux vrais chiffres sur les voitures électriques",Frandroid,2024-11-04T05:20:00Z,"La confusion règne autour du coût réel d’utilisation des voitures électriques. Et les médias généralistes n’aident pas à régler cette confusion. Dernier exemple en date : Turbo sur M6.
Source : Bert…"
Gina Rushton,"Trump’s gender strategy: If women say no, go for the bros",Crikey,2024-11-04T05:11:06Z,Donald Trump walked out onto the floor of the Republican National Convention in July to James Browns Its A Mans Mans Mans World. Pundits have noted that although Kamala Harris has campaigned hard on …
Gina Rushton,How is the gender gap shaping the US election?,Crikey,2024-11-04T05:11:06Z,Donald Trump walked out onto the floor of the Republican National Convention in July to James Browns Its A Mans Mans Mans World. Pundits have noted that although Kamala Harris has campaigned hard on …
Anne-Françoise Hivert,"La dégringolade de Northvolt, symbole d’une Europe en plein décrochage",Le Monde,2024-11-04T05:00:06Z,"Lusine Northvolt de Skelleftea (dans le nord de la Suède), le 23 février 2022. JONATHAN NACKSTRAND / AFP
Il y a quelques mois encore, la giga-usine de Northvolt, construite en bordure de Skelleftea,…"
"Margot Brunet, Emilien Hertement","Trump ou Harris peu importe : de Starlink à Starshield... Elon Musk, l'homme qui dirige déjà les États-Unis",Marianne.net,2024-11-04T05:00:00Z,"Elon Musk et Donald Trump, fin octobre.AFP or licensors
Par Margot Brunet et Emilien Hertement
Publié le
04/11/2024 à 8:00
À la veille dune élection historique, le milliardaire propriétaire de Sp…"
Laura Islas,Cuál es el significado de la palabra Tesla en inglés y español y por qué se llama así la compañía de Elon Musk,Merca20.com,2024-11-04T04:29:46Z,"En 2024, Tesla se consolidó como la marca automotriz más valiosa del mundo, con un valor de aproximadamente 71.9 mil millones de dólares. De acuerdo con cifras de Statista, el mercado global de vehíc…"
"Brooke Crothers, Contributor, 
 Brooke Crothers, Contributor
 https://www.forbes.com/sites/brookecrothers/","As Cybertruck Sales Surge And Price Drops, Is Tesla On A Roll?",Forbes,2024-11-04T04:16:05Z,"The Cybertruck is on a roll. Will it last?
Credit: Brooke Crothers
After Tesla dropped the price of Cybertruck last month, the pickup finally began to shed its outlandish cost stigma.
No, its not …"
"Kate Conger, Aaron Krolik, Santul Nerkar, Dylan Freedman",How Elon Musk’s own account dominates X,The Star Online,2024-11-04T04:10:00Z,"In the days before the US presidential election, Elon Musks centrality to his social media platform, X, became more pronounced.
Musk has posted more than 3,000 times on the site in the past month, a…"
Samiran Mishra,"NDTV Analysis: Elon Musk, Donald Trump And World's Largest MAGA Megaphone",NDTV News,2024-11-04T03:49:16Z,"New Delhi: The evolution of Elon Musk and Donald Trump's relationship has been a slow burn. Not too long ago, it could best be described as contentious. In July 2022, Mr Musk even suggested the forme…"
Jen Schradie,"« Entre les mains d’Elon Musk, X n’est plus seulement un réseau social, mais une arme »",Le Monde,2024-11-04T03:45:07Z,"Il y a deux ans, en octobre 2022, Elon Musk faisait lacquisition de Twitter, et ce pour la somme astronomique de 44 milliards de dollars [la même somme en euros à lépoque]. Au dire de beaucoup danaly…"
NYT News Service,How Elon Musk's own account dominates X,The Times of India,2024-11-04T03:41:10Z,"Days before the presidential election, Elon Musk's centrality to his social media platform, X, has become more pronounced.Musk has posted more than 3,000 times on the site in the past month, accordin…"
Reuters,China's DeepRoute AI raises $100 million as smart driving adoption speeds up,The Times of India,2024-11-04T03:13:39Z,"Chinese autonomous driving technology developer DeepRoute AI has raised $100 million from an automaker, the company said on Monday, as it looks to bolster mass adoption of its systems on vehicles ahe…"
Jonathan James Tan,BYD Sealion 7 electric SUV confirmed for Malaysia – coming soon to take on Tesla Model Y,Paul Tan's Automotive News,2024-11-04T02:42:05Z,“Which Sealion?” we asked ourselves following BYD Malaysia’s teaser last week. Now we have an answer thanks to the latest teaser posted over the weekend. The image is darkened but we can just about i…
Kaili Killpack,Elon Musk Says 'We Can Cut $2 Trillion Out Of The Harris Biden Budget' And That Americans' Money Is Being Wasted On Unnecessary Spending,Benzinga,2024-11-04T01:30:18Z,"During a campaign rally for presidential candidate Donald Trump at Madison Square Garden, Elon Musk suggested that he could cut $2 trillion in federal spending. Trump has already endorsed creating a …"
ETtech,Ecommerce festive sales surge; Cred’s insurance play,The Times of India,2024-11-04T01:21:12Z,Happy Monday! Ecommerce platforms saw significant growth in festive sales this year. This and more in todays ETtech Morning Dispatch.Also in the letter:Lenders &amp; GeM Sahay 2.0Reddits Indian focus…
David Swan,"US election 2024: If Donald Trump wins, Elon Musk’s political plans puts America at risk",The Sydney Morning Herald,2024-11-04T00:50:11Z,"As if he doesnt already have enough on his plate as chief executive of X, Tesla and SpaceX, divisive tech billionaire Elon Musk could soon add a new title to his arsenal: head of the US Department of…"
,"11 surprising things from this earnings season, including my favorite stock so far",CNBC,2024-11-04T00:31:10Z,"The U.S. presidential election beckons and even though nearly 75 million people have already voted, according to NBC News , nothing seems to have leaked out. You would figure the hedge fund algorithm…"
PC Papka,В США выставлен на продажу уникальный Porsche 911 Valkyrie 2002 года,Overclockers.ru,2024-11-04T00:15:41Z,"Porsche Porsche 911 Valkyrie, . , . 911- 2002 55 , Porsche 911 Dakar, 223,5 .
Porsche 911 Valkyrie , . . 17- . , .
, , . , , .
 Porsche 911 Valkyrie 3,6- 320 .., . 130 .
Porsche 911, 1980- , . , …"
Luis Ángel Márquez Flores,"Redmi Watch 5 Active, el smartwatch con una gran relación calidad-precio, a menos de 600 pesos en Mercado Libre",Xataka.com.mx,2024-11-04T00:07:18Z,"Si buscas un reloj inteligente que te ayude a mantenerte activo y con una excelente relación calidad-precio, el Redmi Watch 5 Active puede ser de tu interés. Con más de 100 modos de deporte y una gra…"
Jake Levison,Shocking moments from US election campaign,Sky.com,2024-11-04T00:01:00Z,"It's been a whirlwind of a presidential election campaign, consisting of an assassination attempt (and another alleged one), changing candidates and some bizarre claims on the campaign trail.
With d…"
,[Removed],[Removed],2024-11-04T00:01:00Z,[Removed]
Juan Carlos Huerta,Musk reacciona a choque de Cybertruck en Guadalajara: ‘Más resistente que una bolsa de clavos’,El Financiero,2024-11-04T06:02:31Z,"El fundador y CEO de Tesla,Elon Musk, reaccionó mediante sus redes sociales a la volcadura de una camioneta Cybertruck en los alrededores de la la Glorieta Colón, en la confluencia de las avenidas Am…"
Roger Åberg,En smygtitt på säsong två av Silo,Feber.se,2024-11-04T06:02:00Z,"+
Läs artiklar före alla andra
Kommentera före alla andra
Välj periodJu längre period, desto bättre pris. Du bestämmer! 
Månad
39 kr/mån
Kvartal
33 kr/mån
År
25 kr/mån
Välj hur du vill beta…"
Bloomberg,"Musk lavished time, attention & tens of millions of dollars on Trump’s reelection. What's in it for him?",The Times of India,2024-11-04T05:48:46Z,"Terraforming Mars may be a pipe dream, but Elon Musk is all in on colonizing somewhere closer to home: the White House.The worlds richest man is lavishing money and vast corporate resources on ensuri…"
Ulrich Rozier,"M6 Turbo… stop aux fake news, place aux vrais chiffres sur les voitures électriques",Frandroid,2024-11-04T05:20:00Z,"La confusion règne autour du coût réel d’utilisation des voitures électriques. Et les médias généralistes n’aident pas à régler cette confusion. Dernier exemple en date : Turbo sur M6.
Source : Bert…"
Gina Rushton,"Trump’s gender strategy: If women say no, go for the bros",Crikey,2024-11-04T05:11:06Z,Donald Trump walked out onto the floor of the Republican National Convention in July to James Browns Its A Mans Mans Mans World. Pundits have noted that although Kamala Harris has campaigned hard on …
Gina Rushton,How is the gender gap shaping the US election?,Crikey,2024-11-04T05:11:06Z,Donald Trump walked out onto the floor of the Republican National Convention in July to James Browns Its A Mans Mans Mans World. Pundits have noted that although Kamala Harris has campaigned hard on …
Anne-Françoise Hivert,"La dégringolade de Northvolt, symbole d’une Europe en plein décrochage",Le Monde,2024-11-04T05:00:06Z,"Lusine Northvolt de Skelleftea (dans le nord de la Suède), le 23 février 2022. JONATHAN NACKSTRAND / AFP
Il y a quelques mois encore, la giga-usine de Northvolt, construite en bordure de Skelleftea,…"
"Margot Brunet, Emilien Hertement","Trump ou Harris peu importe : de Starlink à Starshield... Elon Musk, l'homme qui dirige déjà les États-Unis",Marianne.net,2024-11-04T05:00:00Z,"Elon Musk et Donald Trump, fin octobre.AFP or licensors
Par Margot Brunet et Emilien Hertement
Publié le
04/11/2024 à 8:00
À la veille dune élection historique, le milliardaire propriétaire de Sp…"
Laura Islas,Cuál es el significado de la palabra Tesla en inglés y español y por qué se llama así la compañía de Elon Musk,Merca20.com,2024-11-04T04:29:46Z,"En 2024, Tesla se consolidó como la marca automotriz más valiosa del mundo, con un valor de aproximadamente 71.9 mil millones de dólares. De acuerdo con cifras de Statista, el mercado global de vehíc…"
"Brooke Crothers, Contributor, 
 Brooke Crothers, Contributor
 https://www.forbes.com/sites/brookecrothers/","As Cybertruck Sales Surge And Price Drops, Is Tesla On A Roll?",Forbes,2024-11-04T04:16:05Z,"The Cybertruck is on a roll. Will it last?
Credit: Brooke Crothers
After Tesla dropped the price of Cybertruck last month, the pickup finally began to shed its outlandish cost stigma.
No, its not …"
"Kate Conger, Aaron Krolik, Santul Nerkar, Dylan Freedman",How Elon Musk’s own account dominates X,The Star Online,2024-11-04T04:10:00Z,"In the days before the US presidential election, Elon Musks centrality to his social media platform, X, became more pronounced.
Musk has posted more than 3,000 times on the site in the past month, a…"
Samiran Mishra,"NDTV Analysis: Elon Musk, Donald Trump And World's Largest MAGA Megaphone",NDTV News,2024-11-04T03:49:16Z,"New Delhi: The evolution of Elon Musk and Donald Trump's relationship has been a slow burn. Not too long ago, it could best be described as contentious. In July 2022, Mr Musk even suggested the forme…"
Jen Schradie,"« Entre les mains d’Elon Musk, X n’est plus seulement un réseau social, mais une arme »",Le Monde,2024-11-04T03:45:07Z,"Il y a deux ans, en octobre 2022, Elon Musk faisait lacquisition de Twitter, et ce pour la somme astronomique de 44 milliards de dollars [la même somme en euros à lépoque]. Au dire de beaucoup danaly…"
NYT News Service,How Elon Musk's own account dominates X,The Times of India,2024-11-04T03:41:10Z,"Days before the presidential election, Elon Musk's centrality to his social media platform, X, has become more pronounced.Musk has posted more than 3,000 times on the site in the past month, accordin…"
Reuters,China's DeepRoute AI raises $100 million as smart driving adoption speeds up,The Times of India,2024-11-04T03:13:39Z,"Chinese autonomous driving technology developer DeepRoute AI has raised $100 million from an automaker, the company said on Monday, as it looks to bolster mass adoption of its systems on vehicles ahe…"
Jonathan James Tan,BYD Sealion 7 electric SUV confirmed for Malaysia – coming soon to take on Tesla Model Y,Paul Tan's Automotive News,2024-11-04T02:42:05Z,“Which Sealion?” we asked ourselves following BYD Malaysia’s teaser last week. Now we have an answer thanks to the latest teaser posted over the weekend. The image is darkened but we can just about i…
Kaili Killpack,Elon Musk Says 'We Can Cut $2 Trillion Out Of The Harris Biden Budget' And That Americans' Money Is Being Wasted On Unnecessary Spending,Benzinga,2024-11-04T01:30:18Z,"During a campaign rally for presidential candidate Donald Trump at Madison Square Garden, Elon Musk suggested that he could cut $2 trillion in federal spending. Trump has already endorsed creating a …"
ETtech,Ecommerce festive sales surge; Cred’s insurance play,The Times of India,2024-11-04T01:21:12Z,Happy Monday! Ecommerce platforms saw significant growth in festive sales this year. This and more in todays ETtech Morning Dispatch.Also in the letter:Lenders &amp; GeM Sahay 2.0Reddits Indian focus…
David Swan,"US election 2024: If Donald Trump wins, Elon Musk’s political plans puts America at risk",The Sydney Morning Herald,2024-11-04T00:50:11Z,"As if he doesnt already have enough on his plate as chief executive of X, Tesla and SpaceX, divisive tech billionaire Elon Musk could soon add a new title to his arsenal: head of the US Department of…"
,"11 surprising things from this earnings season, including my favorite stock so far",CNBC,2024-11-04T00:31:10Z,"The U.S. presidential election beckons and even though nearly 75 million people have already voted, according to NBC News , nothing seems to have leaked out. You would figure the hedge fund algorithm…"
PC Papka,В США выставлен на продажу уникальный Porsche 911 Valkyrie 2002 года,Overclockers.ru,2024-11-04T00:15:41Z,"Porsche Porsche 911 Valkyrie, . , . 911- 2002 55 , Porsche 911 Dakar, 223,5 .
Porsche 911 Valkyrie , . . 17- . , .
, , . , , .
 Porsche 911 Valkyrie 3,6- 320 .., . 130 .
Porsche 911, 1980- , . , …"
Luis Ángel Márquez Flores,"Redmi Watch 5 Active, el smartwatch con una gran relación calidad-precio, a menos de 600 pesos en Mercado Libre",Xataka.com.mx,2024-11-04T00:07:18Z,"Si buscas un reloj inteligente que te ayude a mantenerte activo y con una excelente relación calidad-precio, el Redmi Watch 5 Active puede ser de tu interés. Con más de 100 modos de deporte y una gra…"
Jake Levison,Shocking moments from US election campaign,Sky.com,2024-11-04T00:01:00Z,"It's been a whirlwind of a presidential election campaign, consisting of an assassination attempt (and another alleged one), changing candidates and some bizarre claims on the campaign trail.
With d…"
,[Removed],[Removed],2024-11-04T00:01:00Z,[Removed]
Juan Carlos Huerta,Musk reacciona a choque de Cybertruck en Guadalajara: ‘Más resistente que una bolsa de clavos’,El Financiero,2024-11-04T06:02:31Z,"El fundador y CEO de Tesla,Elon Musk, reaccionó mediante sus redes sociales a la volcadura de una camioneta Cybertruck en los alrededores de la la Glorieta Colón, en la confluencia de las avenidas Am…"
Roger Åberg,En smygtitt på säsong två av Silo,Feber.se,2024-11-04T06:02:00Z,"+
Läs artiklar före alla andra
Kommentera före alla andra
Välj periodJu längre period, desto bättre pris. Du bestämmer! 
Månad
39 kr/mån
Kvartal
33 kr/mån
År
25 kr/mån
Välj hur du vill beta…"
Bloomberg,"Musk lavished time, attention & tens of millions of dollars on Trump’s reelection. What's in it for him?",The Times of India,2024-11-04T05:48:46Z,"Terraforming Mars may be a pipe dream, but Elon Musk is all in on colonizing somewhere closer to home: the White House.The worlds richest man is lavishing money and vast corporate resources on ensuri…"
Ulrich Rozier,"M6 Turbo… stop aux fake news, place aux vrais chiffres sur les voitures électriques",Frandroid,2024-11-04T05:20:00Z,"La confusion règne autour du coût réel d’utilisation des voitures électriques. Et les médias généralistes n’aident pas à régler cette confusion. Dernier exemple en date : Turbo sur M6.
Source : Bert…"
Gina Rushton,"Trump’s gender strategy: If women say no, go for the bros",Crikey,2024-11-04T05:11:06Z,Donald Trump walked out onto the floor of the Republican National Convention in July to James Browns Its A Mans Mans Mans World. Pundits have noted that although Kamala Harris has campaigned hard on …
Gina Rushton,How is the gender gap shaping the US election?,Crikey,2024-11-04T05:11:06Z,Donald Trump walked out onto the floor of the Republican National Convention in July to James Browns Its A Mans Mans Mans World. Pundits have noted that although Kamala Harris has campaigned hard on …
Anne-Françoise Hivert,"La dégringolade de Northvolt, symbole d’une Europe en plein décrochage",Le Monde,2024-11-04T05:00:06Z,"Lusine Northvolt de Skelleftea (dans le nord de la Suède), le 23 février 2022. JONATHAN NACKSTRAND / AFP
Il y a quelques mois encore, la giga-usine de Northvolt, construite en bordure de Skelleftea,…"
"Margot Brunet, Emilien Hertement","Trump ou Harris peu importe : de Starlink à Starshield... Elon Musk, l'homme qui dirige déjà les États-Unis",Marianne.net,2024-11-04T05:00:00Z,"Elon Musk et Donald Trump, fin octobre.AFP or licensors
Par Margot Brunet et Emilien Hertement
Publié le
04/11/2024 à 8:00
À la veille dune élection historique, le milliardaire propriétaire de Sp…"
Laura Islas,Cuál es el significado de la palabra Tesla en inglés y español y por qué se llama así la compañía de Elon Musk,Merca20.com,2024-11-04T04:29:46Z,"En 2024, Tesla se consolidó como la marca automotriz más valiosa del mundo, con un valor de aproximadamente 71.9 mil millones de dólares. De acuerdo con cifras de Statista, el mercado global de vehíc…"
"Brooke Crothers, Contributor, 
 Brooke Crothers, Contributor
 https://www.forbes.com/sites/brookecrothers/","As Cybertruck Sales Surge And Price Drops, Is Tesla On A Roll?",Forbes,2024-11-04T04:16:05Z,"The Cybertruck is on a roll. Will it last?
Credit: Brooke Crothers
After Tesla dropped the price of Cybertruck last month, the pickup finally began to shed its outlandish cost stigma.
No, its not …"
"Kate Conger, Aaron Krolik, Santul Nerkar, Dylan Freedman",How Elon Musk’s own account dominates X,The Star Online,2024-11-04T04:10:00Z,"In the days before the US presidential election, Elon Musks centrality to his social media platform, X, became more pronounced.
Musk has posted more than 3,000 times on the site in the past month, a…"
Samiran Mishra,"NDTV Analysis: Elon Musk, Donald Trump And World's Largest MAGA Megaphone",NDTV News,2024-11-04T03:49:16Z,"New Delhi: The evolution of Elon Musk and Donald Trump's relationship has been a slow burn. Not too long ago, it could best be described as contentious. In July 2022, Mr Musk even suggested the forme…"
Jen Schradie,"« Entre les mains d’Elon Musk, X n’est plus seulement un réseau social, mais une arme »",Le Monde,2024-11-04T03:45:07Z,"Il y a deux ans, en octobre 2022, Elon Musk faisait lacquisition de Twitter, et ce pour la somme astronomique de 44 milliards de dollars [la même somme en euros à lépoque]. Au dire de beaucoup danaly…"
NYT News Service,How Elon Musk's own account dominates X,The Times of India,2024-11-04T03:41:10Z,"Days before the presidential election, Elon Musk's centrality to his social media platform, X, has become more pronounced.Musk has posted more than 3,000 times on the site in the past month, accordin…"
Reuters,China's DeepRoute AI raises $100 million as smart driving adoption speeds up,The Times of India,2024-11-04T03:13:39Z,"Chinese autonomous driving technology developer DeepRoute AI has raised $100 million from an automaker, the company said on Monday, as it looks to bolster mass adoption of its systems on vehicles ahe…"
Jonathan James Tan,BYD Sealion 7 electric SUV confirmed for Malaysia – coming soon to take on Tesla Model Y,Paul Tan's Automotive News,2024-11-04T02:42:05Z,“Which Sealion?” we asked ourselves following BYD Malaysia’s teaser last week. Now we have an answer thanks to the latest teaser posted over the weekend. The image is darkened but we can just about i…
Kaili Killpack,Elon Musk Says 'We Can Cut $2 Trillion Out Of The Harris Biden Budget' And That Americans' Money Is Being Wasted On Unnecessary Spending,Benzinga,2024-11-04T01:30:18Z,"During a campaign rally for presidential candidate Donald Trump at Madison Square Garden, Elon Musk suggested that he could cut $2 trillion in federal spending. Trump has already endorsed creating a …"
ETtech,Ecommerce festive sales surge; Cred’s insurance play,The Times of India,2024-11-04T01:21:12Z,Happy Monday! Ecommerce platforms saw significant growth in festive sales this year. This and more in todays ETtech Morning Dispatch.Also in the letter:Lenders &amp; GeM Sahay 2.0Reddits Indian focus…
David Swan,"US election 2024: If Donald Trump wins, Elon Musk’s political plans puts America at risk",The Sydney Morning Herald,2024-11-04T00:50:11Z,"As if he doesnt already have enough on his plate as chief executive of X, Tesla and SpaceX, divisive tech billionaire Elon Musk could soon add a new title to his arsenal: head of the US Department of…"
,"11 surprising things from this earnings season, including my favorite stock so far",CNBC,2024-11-04T00:31:10Z,"The U.S. presidential election beckons and even though nearly 75 million people have already voted, according to NBC News , nothing seems to have leaked out. You would figure the hedge fund algorithm…"
PC Papka,В США выставлен на продажу уникальный Porsche 911 Valkyrie 2002 года,Overclockers.ru,2024-11-04T00:15:41Z,"Porsche Porsche 911 Valkyrie, . , . 911- 2002 55 , Porsche 911 Dakar, 223,5 .
Porsche 911 Valkyrie , . . 17- . , .
, , . , , .
 Porsche 911 Valkyrie 3,6- 320 .., . 130 .
Porsche 911, 1980- , . , …"
Luis Ángel Márquez Flores,"Redmi Watch 5 Active, el smartwatch con una gran relación calidad-precio, a menos de 600 pesos en Mercado Libre",Xataka.com.mx,2024-11-04T00:07:18Z,"Si buscas un reloj inteligente que te ayude a mantenerte activo y con una excelente relación calidad-precio, el Redmi Watch 5 Active puede ser de tu interés. Con más de 100 modos de deporte y una gra…"
Jake Levison,Shocking moments from US election campaign,Sky.com,2024-11-04T00:01:00Z,"It's been a whirlwind of a presidential election campaign, consisting of an assassination attempt (and another alleged one), changing candidates and some bizarre claims on the campaign trail.
With d…"
,[Removed],[Removed],2024-11-04T00:01:00Z,[Removed]
Laura Islas,Cuál es el significado de la palabra Tesla en inglés y español y por qué se llama así la compañía de Elon Musk,Merca20.com,2024-11-04T04:29:46Z,"En 2024, Tesla se consolidó como la marca automotriz más valiosa del mundo, con un valor de aproximadamente 71.9 mil millones de dólares. De acuerdo con cifras de Statista, el mercado global de vehíc…"
"Brooke Crothers, Contributor, 
 Brooke Crothers, Contributor
 https://www.forbes.com/sites/brookecrothers/","As Cybertruck Sales Surge And Price Drops, Is Tesla On A Roll?",Forbes,2024-11-04T04:16:05Z,"The Cybertruck is on a roll. Will it last?
Credit: Brooke Crothers
After Tesla dropped the price of Cybertruck last month, the pickup finally began to shed its outlandish cost stigma.
No, its not …"
"Kate Conger, Aaron Krolik, Santul Nerkar, Dylan Freedman",How Elon Musk’s own account dominates X,The Star Online,2024-11-04T04:10:00Z,"In the days before the US presidential election, Elon Musks centrality to his social media platform, X, became more pronounced.
Musk has posted more than 3,000 times on the site in the past month, a…"
Samiran Mishra,"NDTV Analysis: Elon Musk, Donald Trump And World's Largest MAGA Megaphone",NDTV News,2024-11-04T03:49:16Z,"New Delhi: The evolution of Elon Musk and Donald Trump's relationship has been a slow burn. Not too long ago, it could best be described as contentious. In July 2022, Mr Musk even suggested the forme…"
Jen Schradie,"« Entre les mains d’Elon Musk, X n’est plus seulement un réseau social, mais une arme »",Le Monde,2024-11-04T03:45:07Z,"Il y a deux ans, en octobre 2022, Elon Musk faisait lacquisition de Twitter, et ce pour la somme astronomique de 44 milliards de dollars [la même somme en euros à lépoque]. Au dire de beaucoup danaly…"
NYT News Service,How Elon Musk's own account dominates X,The Times of India,2024-11-04T03:41:10Z,"Days before the presidential election, Elon Musk's centrality to his social media platform, X, has become more pronounced.Musk has posted more than 3,000 times on the site in the past month, accordin…"
Reuters,China's DeepRoute AI raises $100 million as smart driving adoption speeds up,The Times of India,2024-11-04T03:13:39Z,"Chinese autonomous driving technology developer DeepRoute AI has raised $100 million from an automaker, the company said on Monday, as it looks to bolster mass adoption of its systems on vehicles ahe…"
Jonathan James Tan,BYD Sealion 7 electric SUV confirmed for Malaysia – coming soon to take on Tesla Model Y,Paul Tan's Automotive News,2024-11-04T02:42:05Z,“Which Sealion?” we asked ourselves following BYD Malaysia’s teaser last week. Now we have an answer thanks to the latest teaser posted over the weekend. The image is darkened but we can just about i…
Kaili Killpack,Elon Musk Says 'We Can Cut $2 Trillion Out Of The Harris Biden Budget' And That Americans' Money Is Being Wasted On Unnecessary Spending,Benzinga,2024-11-04T01:30:18Z,"During a campaign rally for presidential candidate Donald Trump at Madison Square Garden, Elon Musk suggested that he could cut $2 trillion in federal spending. Trump has already endorsed creating a …"
ETtech,Ecommerce festive sales surge; Cred’s insurance play,The Times of India,2024-11-04T01:21:12Z,Happy Monday! Ecommerce platforms saw significant growth in festive sales this year. This and more in todays ETtech Morning Dispatch.Also in the letter:Lenders &amp; GeM Sahay 2.0Reddits Indian focus…
David Swan,"US election 2024: If Donald Trump wins, Elon Musk’s political plans puts America at risk",The Sydney Morning Herald,2024-11-04T00:50:11Z,"As if he doesnt already have enough on his plate as chief executive of X, Tesla and SpaceX, divisive tech billionaire Elon Musk could soon add a new title to his arsenal: head of the US Department of…"
,"11 surprising things from this earnings season, including my favorite stock so far",CNBC,2024-11-04T00:31:10Z,"The U.S. presidential election beckons and even though nearly 75 million people have already voted, according to NBC News , nothing seems to have leaked out. You would figure the hedge fund algorithm…"
PC Papka,В США выставлен на продажу уникальный Porsche 911 Valkyrie 2002 года,Overclockers.ru,2024-11-04T00:15:41Z,"Porsche Porsche 911 Valkyrie, . , . 911- 2002 55 , Porsche 911 Dakar, 223,5 .
Porsche 911 Valkyrie , . . 17- . , .
, , . , , .
 Porsche 911 Valkyrie 3,6- 320 .., . 130 .
Porsche 911, 1980- , . , …"
Luis Ángel Márquez Flores,"Redmi Watch 5 Active, el smartwatch con una gran relación calidad-precio, a menos de 600 pesos en Mercado Libre",Xataka.com.mx,2024-11-04T00:07:18Z,"Si buscas un reloj inteligente que te ayude a mantenerte activo y con una excelente relación calidad-precio, el Redmi Watch 5 Active puede ser de tu interés. Con más de 100 modos de deporte y una gra…"
Jake Levison,Shocking moments from US election campaign,Sky.com,2024-11-04T00:01:00Z,"It's been a whirlwind of a presidential election campaign, consisting of an assassination attempt (and another alleged one), changing candidates and some bizarre claims on the campaign trail.
With d…"
,[Removed],[Removed],2024-11-04T00:01:00Z,[Removed]
"Brooke Crothers, Contributor, 
 Brooke Crothers, Contributor
 https://www.forbes.com/sites/brookecrothers/","As Cybertruck Sales Surge And Price Drops, Is Tesla On A Roll?",Forbes,2024-11-04T04:16:05Z,"The Cybertruck is on a roll. Will it last?
Credit: Brooke Crothers
After Tesla dropped the price of Cybertruck last month, the pickup finally began to shed its outlandish cost stigma.
No, its not …"
"Kate Conger, Aaron Krolik, Santul Nerkar, Dylan Freedman",How Elon Musk’s own account dominates X,The Star Online,2024-11-04T04:10:00Z,"In the days before the US presidential election, Elon Musks centrality to his social media platform, X, became more pronounced.
Musk has posted more than 3,000 times on the site in the past month, a…"
Samiran Mishra,"NDTV Analysis: Elon Musk, Donald Trump And World's Largest MAGA Megaphone",NDTV News,2024-11-04T03:49:16Z,"New Delhi: The evolution of Elon Musk and Donald Trump's relationship has been a slow burn. Not too long ago, it could best be described as contentious. In July 2022, Mr Musk even suggested the forme…"
Jen Schradie,"« Entre les mains d’Elon Musk, X n’est plus seulement un réseau social, mais une arme »",Le Monde,2024-11-04T03:45:07Z,"Il y a deux ans, en octobre 2022, Elon Musk faisait lacquisition de Twitter, et ce pour la somme astronomique de 44 milliards de dollars [la même somme en euros à lépoque]. Au dire de beaucoup danaly…"
NYT News Service,How Elon Musk's own account dominates X,The Times of India,2024-11-04T03:41:10Z,"Days before the presidential election, Elon Musk's centrality to his social media platform, X, has become more pronounced.Musk has posted more than 3,000 times on the site in the past month, accordin…"
Reuters,China's DeepRoute AI raises $100 million as smart driving adoption speeds up,The Times of India,2024-11-04T03:13:39Z,"Chinese autonomous driving technology developer DeepRoute AI has raised $100 million from an automaker, the company said on Monday, as it looks to bolster mass adoption of its systems on vehicles ahe…"
Jonathan James Tan,BYD Sealion 7 electric SUV confirmed for Malaysia – coming soon to take on Tesla Model Y,Paul Tan's Automotive News,2024-11-04T02:42:05Z,“Which Sealion?” we asked ourselves following BYD Malaysia’s teaser last week. Now we have an answer thanks to the latest teaser posted over the weekend. The image is darkened but we can just about i…
Kaili Killpack,Elon Musk Says 'We Can Cut $2 Trillion Out Of The Harris Biden Budget' And That Americans' Money Is Being Wasted On Unnecessary Spending,Benzinga,2024-11-04T01:30:18Z,"During a campaign rally for presidential candidate Donald Trump at Madison Square Garden, Elon Musk suggested that he could cut $2 trillion in federal spending. Trump has already endorsed creating a …"
ETtech,Ecommerce festive sales surge; Cred’s insurance play,The Times of India,2024-11-04T01:21:12Z,Happy Monday! Ecommerce platforms saw significant growth in festive sales this year. This and more in todays ETtech Morning Dispatch.Also in the letter:Lenders &amp; GeM Sahay 2.0Reddits Indian focus…
David Swan,"US election 2024: If Donald Trump wins, Elon Musk’s political plans puts America at risk",The Sydney Morning Herald,2024-11-04T00:50:11Z,"As if he doesnt already have enough on his plate as chief executive of X, Tesla and SpaceX, divisive tech billionaire Elon Musk could soon add a new title to his arsenal: head of the US Department of…"
,"11 surprising things from this earnings season, including my favorite stock so far",CNBC,2024-11-04T00:31:10Z,"The U.S. presidential election beckons and even though nearly 75 million people have already voted, according to NBC News , nothing seems to have leaked out. You would figure the hedge fund algorithm…"
PC Papka,В США выставлен на продажу уникальный Porsche 911 Valkyrie 2002 года,Overclockers.ru,2024-11-04T00:15:41Z,"Porsche Porsche 911 Valkyrie, . , . 911- 2002 55 , Porsche 911 Dakar, 223,5 .
Porsche 911 Valkyrie , . . 17- . , .
, , . , , .
 Porsche 911 Valkyrie 3,6- 320 .., . 130 .
Porsche 911, 1980- , . , …"
Luis Ángel Márquez Flores,"Redmi Watch 5 Active, el smartwatch con una gran relación calidad-precio, a menos de 600 pesos en Mercado Libre",Xataka.com.mx,2024-11-04T00:07:18Z,"Si buscas un reloj inteligente que te ayude a mantenerte activo y con una excelente relación calidad-precio, el Redmi Watch 5 Active puede ser de tu interés. Con más de 100 modos de deporte y una gra…"
Jake Levison,Shocking moments from US election campaign,Sky.com,2024-11-04T00:01:00Z,"It's been a whirlwind of a presidential election campaign, consisting of an assassination attempt (and another alleged one), changing candidates and some bizarre claims on the campaign trail.
With d…"
,[Removed],[Removed],2024-11-04T00:01:00Z,[Removed]
Bloomberg,"Musk lavished time, attention & tens of millions of dollars on Trump’s reelection. What's in it for him?",The Times of India,2024-11-04T05:48:46Z,"Terraforming Mars may be a pipe dream, but Elon Musk is all in on colonizing somewhere closer to home: the White House.The worlds richest man is lavishing money and vast corporate resources on ensuri…"
Ulrich Rozier,"M6 Turbo… stop aux fake news, place aux vrais chiffres sur les voitures électriques",Frandroid,2024-11-04T05:20:00Z,"La confusion règne autour du coût réel d’utilisation des voitures électriques. Et les médias généralistes n’aident pas à régler cette confusion. Dernier exemple en date : Turbo sur M6.
Source : Bert…"
Gina Rushton,"Trump’s gender strategy: If women say no, go for the bros",Crikey,2024-11-04T05:11:06Z,Donald Trump walked out onto the floor of the Republican National Convention in July to James Browns Its A Mans Mans Mans World. Pundits have noted that although Kamala Harris has campaigned hard on …
Gina Rushton,How is the gender gap shaping the US election?,Crikey,2024-11-04T05:11:06Z,Donald Trump walked out onto the floor of the Republican National Convention in July to James Browns Its A Mans Mans Mans World. Pundits have noted that although Kamala Harris has campaigned hard on …
Anne-Françoise Hivert,"La dégringolade de Northvolt, symbole d’une Europe en plein décrochage",Le Monde,2024-11-04T05:00:06Z,"Lusine Northvolt de Skelleftea (dans le nord de la Suède), le 23 février 2022. JONATHAN NACKSTRAND / AFP
Il y a quelques mois encore, la giga-usine de Northvolt, construite en bordure de Skelleftea,…"
"Margot Brunet, Emilien Hertement","Trump ou Harris peu importe : de Starlink à Starshield... Elon Musk, l'homme qui dirige déjà les États-Unis",Marianne.net,2024-11-04T05:00:00Z,"Elon Musk et Donald Trump, fin octobre.AFP or licensors
Par Margot Brunet et Emilien Hertement
Publié le
04/11/2024 à 8:00
À la veille dune élection historique, le milliardaire propriétaire de Sp…"
Laura Islas,Cuál es el significado de la palabra Tesla en inglés y español y por qué se llama así la compañía de Elon Musk,Merca20.com,2024-11-04T04:29:46Z,"En 2024, Tesla se consolidó como la marca automotriz más valiosa del mundo, con un valor de aproximadamente 71.9 mil millones de dólares. De acuerdo con cifras de Statista, el mercado global de vehíc…"
"Brooke Crothers, Contributor, 
 Brooke Crothers, Contributor
 https://www.forbes.com/sites/brookecrothers/","As Cybertruck Sales Surge And Price Drops, Is Tesla On A Roll?",Forbes,2024-11-04T04:16:05Z,"The Cybertruck is on a roll. Will it last?
Credit: Brooke Crothers
After Tesla dropped the price of Cybertruck last month, the pickup finally began to shed its outlandish cost stigma.
No, its not …"
"Kate Conger, Aaron Krolik, Santul Nerkar, Dylan Freedman",How Elon Musk’s own account dominates X,The Star Online,2024-11-04T04:10:00Z,"In the days before the US presidential election, Elon Musks centrality to his social media platform, X, became more pronounced.
Musk has posted more than 3,000 times on the site in the past month, a…"
Samiran Mishra,"NDTV Analysis: Elon Musk, Donald Trump And World's Largest MAGA Megaphone",NDTV News,2024-11-04T03:49:16Z,"New Delhi: The evolution of Elon Musk and Donald Trump's relationship has been a slow burn. Not too long ago, it could best be described as contentious. In July 2022, Mr Musk even suggested the forme…"
Jen Schradie,"« Entre les mains d’Elon Musk, X n’est plus seulement un réseau social, mais une arme »",Le Monde,2024-11-04T03:45:07Z,"Il y a deux ans, en octobre 2022, Elon Musk faisait lacquisition de Twitter, et ce pour la somme astronomique de 44 milliards de dollars [la même somme en euros à lépoque]. Au dire de beaucoup danaly…"
NYT News Service,How Elon Musk's own account dominates X,The Times of India,2024-11-04T03:41:10Z,"Days before the presidential election, Elon Musk's centrality to his social media platform, X, has become more pronounced.Musk has posted more than 3,000 times on the site in the past month, accordin…"
Reuters,China's DeepRoute AI raises $100 million as smart driving adoption speeds up,The Times of India,2024-11-04T03:13:39Z,"Chinese autonomous driving technology developer DeepRoute AI has raised $100 million from an automaker, the company said on Monday, as it looks to bolster mass adoption of its systems on vehicles ahe…"
Jonathan James Tan,BYD Sealion 7 electric SUV confirmed for Malaysia – coming soon to take on Tesla Model Y,Paul Tan's Automotive News,2024-11-04T02:42:05Z,“Which Sealion?” we asked ourselves following BYD Malaysia’s teaser last week. Now we have an answer thanks to the latest teaser posted over the weekend. The image is darkened but we can just about i…
Kaili Killpack,Elon Musk Says 'We Can Cut $2 Trillion Out Of The Harris Biden Budget' And That Americans' Money Is Being Wasted On Unnecessary Spending,Benzinga,2024-11-04T01:30:18Z,"During a campaign rally for presidential candidate Donald Trump at Madison Square Garden, Elon Musk suggested that he could cut $2 trillion in federal spending. Trump has already endorsed creating a …"
ETtech,Ecommerce festive sales surge; Cred’s insurance play,The Times of India,2024-11-04T01:21:12Z,Happy Monday! Ecommerce platforms saw significant growth in festive sales this year. This and more in todays ETtech Morning Dispatch.Also in the letter:Lenders &amp; GeM Sahay 2.0Reddits Indian focus…
David Swan,"US election 2024: If Donald Trump wins, Elon Musk’s political plans puts America at risk",The Sydney Morning Herald,2024-11-04T00:50:11Z,"As if he doesnt already have enough on his plate as chief executive of X, Tesla and SpaceX, divisive tech billionaire Elon Musk could soon add a new title to his arsenal: head of the US Department of…"
,"11 surprising things from this earnings season, including my favorite stock so far",CNBC,2024-11-04T00:31:10Z,"The U.S. presidential election beckons and even though nearly 75 million people have already voted, according to NBC News , nothing seems to have leaked out. You would figure the hedge fund algorithm…"
PC Papka,В США выставлен на продажу уникальный Porsche 911 Valkyrie 2002 года,Overclockers.ru,2024-11-04T00:15:41Z,"Porsche Porsche 911 Valkyrie, . , . 911- 2002 55 , Porsche 911 Dakar, 223,5 .
Porsche 911 Valkyrie , . . 17- . , .
, , . , , .
 Porsche 911 Valkyrie 3,6- 320 .., . 130 .
Porsche 911, 1980- , . , …"
Luis Ángel Márquez Flores,"Redmi Watch 5 Active, el smartwatch con una gran relación calidad-precio, a menos de 600 pesos en Mercado Libre",Xataka.com.mx,2024-11-04T00:07:18Z,"Si buscas un reloj inteligente que te ayude a mantenerte activo y con una excelente relación calidad-precio, el Redmi Watch 5 Active puede ser de tu interés. Con más de 100 modos de deporte y una gra…"
Jake Levison,Shocking moments from US election campaign,Sky.com,2024-11-04T00:01:00Z,"It's been a whirlwind of a presidential election campaign, consisting of an assassination attempt (and another alleged one), changing candidates and some bizarre claims on the campaign trail.
With d…"
,[Removed],[Removed],2024-11-04T00:01:00Z,[Removed]
Ulrich Rozier,"M6 Turbo… stop aux fake news, place aux vrais chiffres sur les voitures électriques",Frandroid,2024-11-04T05:20:00Z,"La confusion règne autour du coût réel d’utilisation des voitures électriques. Et les médias généralistes n’aident pas à régler cette confusion. Dernier exemple en date : Turbo sur M6.
Source : Bert…"
Gina Rushton,"Trump’s gender strategy: If women say no, go for the bros",Crikey,2024-11-04T05:11:06Z,Donald Trump walked out onto the floor of the Republican National Convention in July to James Browns Its A Mans Mans Mans World. Pundits have noted that although Kamala Harris has campaigned hard on …
Gina Rushton,How is the gender gap shaping the US election?,Crikey,2024-11-04T05:11:06Z,Donald Trump walked out onto the floor of the Republican National Convention in July to James Browns Its A Mans Mans Mans World. Pundits have noted that although Kamala Harris has campaigned hard on …
Anne-Françoise Hivert,"La dégringolade de Northvolt, symbole d’une Europe en plein décrochage",Le Monde,2024-11-04T05:00:06Z,"Lusine Northvolt de Skelleftea (dans le nord de la Suède), le 23 février 2022. JONATHAN NACKSTRAND / AFP
Il y a quelques mois encore, la giga-usine de Northvolt, construite en bordure de Skelleftea,…"
"Margot Brunet, Emilien Hertement","Trump ou Harris peu importe : de Starlink à Starshield... Elon Musk, l'homme qui dirige déjà les États-Unis",Marianne.net,2024-11-04T05:00:00Z,"Elon Musk et Donald Trump, fin octobre.AFP or licensors
Par Margot Brunet et Emilien Hertement
Publié le
04/11/2024 à 8:00
À la veille dune élection historique, le milliardaire propriétaire de Sp…"
Laura Islas,Cuál es el significado de la palabra Tesla en inglés y español y por qué se llama así la compañía de Elon Musk,Merca20.com,2024-11-04T04:29:46Z,"En 2024, Tesla se consolidó como la marca automotriz más valiosa del mundo, con un valor de aproximadamente 71.9 mil millones de dólares. De acuerdo con cifras de Statista, el mercado global de vehíc…"
"Brooke Crothers, Contributor, 
 Brooke Crothers, Contributor
 https://www.forbes.com/sites/brookecrothers/","As Cybertruck Sales Surge And Price Drops, Is Tesla On A Roll?",Forbes,2024-11-04T04:16:05Z,"The Cybertruck is on a roll. Will it last?
Credit: Brooke Crothers
After Tesla dropped the price of Cybertruck last month, the pickup finally began to shed its outlandish cost stigma.
No, its not …"
"Kate Conger, Aaron Krolik, Santul Nerkar, Dylan Freedman",How Elon Musk’s own account dominates X,The Star Online,2024-11-04T04:10:00Z,"In the days before the US presidential election, Elon Musks centrality to his social media platform, X, became more pronounced.
Musk has posted more than 3,000 times on the site in the past month, a…"
Samiran Mishra,"NDTV Analysis: Elon Musk, Donald Trump And World's Largest MAGA Megaphone",NDTV News,2024-11-04T03:49:16Z,"New Delhi: The evolution of Elon Musk and Donald Trump's relationship has been a slow burn. Not too long ago, it could best be described as contentious. In July 2022, Mr Musk even suggested the forme…"
Jen Schradie,"« Entre les mains d’Elon Musk, X n’est plus seulement un réseau social, mais une arme »",Le Monde,2024-11-04T03:45:07Z,"Il y a deux ans, en octobre 2022, Elon Musk faisait lacquisition de Twitter, et ce pour la somme astronomique de 44 milliards de dollars [la même somme en euros à lépoque]. Au dire de beaucoup danaly…"
NYT News Service,How Elon Musk's own account dominates X,The Times of India,2024-11-04T03:41:10Z,"Days before the presidential election, Elon Musk's centrality to his social media platform, X, has become more pronounced.Musk has posted more than 3,000 times on the site in the past month, accordin…"
Reuters,China's DeepRoute AI raises $100 million as smart driving adoption speeds up,The Times of India,2024-11-04T03:13:39Z,"Chinese autonomous driving technology developer DeepRoute AI has raised $100 million from an automaker, the company said on Monday, as it looks to bolster mass adoption of its systems on vehicles ahe…"
Jonathan James Tan,BYD Sealion 7 electric SUV confirmed for Malaysia – coming soon to take on Tesla Model Y,Paul Tan's Automotive News,2024-11-04T02:42:05Z,“Which Sealion?” we asked ourselves following BYD Malaysia’s teaser last week. Now we have an answer thanks to the latest teaser posted over the weekend. The image is darkened but we can just about i…
Kaili Killpack,Elon Musk Says 'We Can Cut $2 Trillion Out Of The Harris Biden Budget' And That Americans' Money Is Being Wasted On Unnecessary Spending,Benzinga,2024-11-04T01:30:18Z,"During a campaign rally for presidential candidate Donald Trump at Madison Square Garden, Elon Musk suggested that he could cut $2 trillion in federal spending. Trump has already endorsed creating a …"
ETtech,Ecommerce festive sales surge; Cred’s insurance play,The Times of India,2024-11-04T01:21:12Z,Happy Monday! Ecommerce platforms saw significant growth in festive sales this year. This and more in todays ETtech Morning Dispatch.Also in the letter:Lenders &amp; GeM Sahay 2.0Reddits Indian focus…
David Swan,"US election 2024: If Donald Trump wins, Elon Musk’s political plans puts America at risk",The Sydney Morning Herald,2024-11-04T00:50:11Z,"As if he doesnt already have enough on his plate as chief executive of X, Tesla and SpaceX, divisive tech billionaire Elon Musk could soon add a new title to his arsenal: head of the US Department of…"
,"11 surprising things from this earnings season, including my favorite stock so far",CNBC,2024-11-04T00:31:10Z,"The U.S. presidential election beckons and even though nearly 75 million people have already voted, according to NBC News , nothing seems to have leaked out. You would figure the hedge fund algorithm…"
PC Papka,В США выставлен на продажу уникальный Porsche 911 Valkyrie 2002 года,Overclockers.ru,2024-11-04T00:15:41Z,"Porsche Porsche 911 Valkyrie, . , . 911- 2002 55 , Porsche 911 Dakar, 223,5 .
Porsche 911 Valkyrie , . . 17- . , .
, , . , , .
 Porsche 911 Valkyrie 3,6- 320 .., . 130 .
Porsche 911, 1980- , . , …"
Luis Ángel Márquez Flores,"Redmi Watch 5 Active, el smartwatch con una gran relación calidad-precio, a menos de 600 pesos en Mercado Libre",Xataka.com.mx,2024-11-04T00:07:18Z,"Si buscas un reloj inteligente que te ayude a mantenerte activo y con una excelente relación calidad-precio, el Redmi Watch 5 Active puede ser de tu interés. Con más de 100 modos de deporte y una gra…"
Jake Levison,Shocking moments from US election campaign,Sky.com,2024-11-04T00:01:00Z,"It's been a whirlwind of a presidential election campaign, consisting of an assassination attempt (and another alleged one), changing candidates and some bizarre claims on the campaign trail.
With d…"
,[Removed],[Removed],2024-11-04T00:01:00Z,[Removed]
Laura Islas,Cuál es el significado de la palabra Tesla en inglés y español y por qué se llama así la compañía de Elon Musk,Merca20.com,2024-11-04T04:29:46Z,"En 2024, Tesla se consolidó como la marca automotriz más valiosa del mundo, con un valor de aproximadamente 71.9 mil millones de dólares. De acuerdo con cifras de Statista, el mercado global de vehíc…"
"Brooke Crothers, Contributor, 
 Brooke Crothers, Contributor
 https://www.forbes.com/sites/brookecrothers/","As Cybertruck Sales Surge And Price Drops, Is Tesla On A Roll?",Forbes,2024-11-04T04:16:05Z,"The Cybertruck is on a roll. Will it last?
Credit: Brooke Crothers
After Tesla dropped the price of Cybertruck last month, the pickup finally began to shed its outlandish cost stigma.
No, its not …"
"Kate Conger, Aaron Krolik, Santul Nerkar, Dylan Freedman",How Elon Musk’s own account dominates X,The Star Online,2024-11-04T04:10:00Z,"In the days before the US presidential election, Elon Musks centrality to his social media platform, X, became more pronounced.
Musk has posted more than 3,000 times on the site in the past month, a…"
Samiran Mishra,"NDTV Analysis: Elon Musk, Donald Trump And World's Largest MAGA Megaphone",NDTV News,2024-11-04T03:49:16Z,"New Delhi: The evolution of Elon Musk and Donald Trump's relationship has been a slow burn. Not too long ago, it could best be described as contentious. In July 2022, Mr Musk even suggested the forme…"
Jen Schradie,"« Entre les mains d’Elon Musk, X n’est plus seulement un réseau social, mais une arme »",Le Monde,2024-11-04T03:45:07Z,"Il y a deux ans, en octobre 2022, Elon Musk faisait lacquisition de Twitter, et ce pour la somme astronomique de 44 milliards de dollars [la même somme en euros à lépoque]. Au dire de beaucoup danaly…"
NYT News Service,How Elon Musk's own account dominates X,The Times of India,2024-11-04T03:41:10Z,"Days before the presidential election, Elon Musk's centrality to his social media platform, X, has become more pronounced.Musk has posted more than 3,000 times on the site in the past month, accordin…"
Reuters,China's DeepRoute AI raises $100 million as smart driving adoption speeds up,The Times of India,2024-11-04T03:13:39Z,"Chinese autonomous driving technology developer DeepRoute AI has raised $100 million from an automaker, the company said on Monday, as it looks to bolster mass adoption of its systems on vehicles ahe…"
Jonathan James Tan,BYD Sealion 7 electric SUV confirmed for Malaysia – coming soon to take on Tesla Model Y,Paul Tan's Automotive News,2024-11-04T02:42:05Z,“Which Sealion?” we asked ourselves following BYD Malaysia’s teaser last week. Now we have an answer thanks to the latest teaser posted over the weekend. The image is darkened but we can just about i…
Kaili Killpack,Elon Musk Says 'We Can Cut $2 Trillion Out Of The Harris Biden Budget' And That Americans' Money Is Being Wasted On Unnecessary Spending,Benzinga,2024-11-04T01:30:18Z,"During a campaign rally for presidential candidate Donald Trump at Madison Square Garden, Elon Musk suggested that he could cut $2 trillion in federal spending. Trump has already endorsed creating a …"
ETtech,Ecommerce festive sales surge; Cred’s insurance play,The Times of India,2024-11-04T01:21:12Z,Happy Monday! Ecommerce platforms saw significant growth in festive sales this year. This and more in todays ETtech Morning Dispatch.Also in the letter:Lenders &amp; GeM Sahay 2.0Reddits Indian focus…
David Swan,"US election 2024: If Donald Trump wins, Elon Musk’s political plans puts America at risk",The Sydney Morning Herald,2024-11-04T00:50:11Z,"As if he doesnt already have enough on his plate as chief executive of X, Tesla and SpaceX, divisive tech billionaire Elon Musk could soon add a new title to his arsenal: head of the US Department of…"
,"11 surprising things from this earnings season, including my favorite stock so far",CNBC,2024-11-04T00:31:10Z,"The U.S. presidential election beckons and even though nearly 75 million people have already voted, according to NBC News , nothing seems to have leaked out. You would figure the hedge fund algorithm…"
PC Papka,В США выставлен на продажу уникальный Porsche 911 Valkyrie 2002 года,Overclockers.ru,2024-11-04T00:15:41Z,"Porsche Porsche 911 Valkyrie, . , . 911- 2002 55 , Porsche 911 Dakar, 223,5 .
Porsche 911 Valkyrie , . . 17- . , .
, , . , , .
 Porsche 911 Valkyrie 3,6- 320 .., . 130 .
Porsche 911, 1980- , . , …"
Luis Ángel Márquez Flores,"Redmi Watch 5 Active, el smartwatch con una gran relación calidad-precio, a menos de 600 pesos en Mercado Libre",Xataka.com.mx,2024-11-04T00:07:18Z,"Si buscas un reloj inteligente que te ayude a mantenerte activo y con una excelente relación calidad-precio, el Redmi Watch 5 Active puede ser de tu interés. Con más de 100 modos de deporte y una gra…"
Jake Levison,Shocking moments from US election campaign,Sky.com,2024-11-04T00:01:00Z,"It's been a whirlwind of a presidential election campaign, consisting of an assassination attempt (and another alleged one), changing candidates and some bizarre claims on the campaign trail.
With d…"
,[Removed],[Removed],2024-11-04T00:01:00Z,[Removed]
